id,Nombre,Edad,Departamento,Email
1,Dune,56,Science Fiction,example@example.com
2,Foundation,100,Science Fiction,example@example.com
3,1984,72,Science Fiction,example@example.com
4,Brave New World,88,Science Fiction,example@example.com
5,The Hitchhiker's Guide to the Galaxy,42,Science Fiction,example@example.com
6,Neuromancer,36,Science Fiction,example@example.com
7,Ender's Game,36,Science Fiction,example@example.com
8,Fahrenheit 451,68,Science Fiction,example@example.com
9,A Wrinkle in Time,58,Science Fiction,example@example.com
10,The War of the Worlds,123,Science Fiction,example@example.com
